market,year,path,rows,first_ts,last_ts,duplicate_ts,gap_count_gt_1min,zero_volume,zero_range,stale_close_run_max,close_min,close_max,volume_sum
CL,2010,/workspaces/quant_project/data/raw/CL/2010.parquet,196666,2010-06-07 00:00:00+00:00,2010-12-31 21:14:00+00:00,0,6836,0,20662,8,69.57,92.01,42211073.0
CL,2011,/workspaces/quant_project/data/raw/CL/2011.parquet,340230,2011-01-02 23:00:00+00:00,2011-12-30 22:14:00+00:00,0,10857,0,28756,13,75.07,114.73,74345010.0
CL,2012,/workspaces/quant_project/data/raw/CL/2012.parquet,333140,2012-01-02 23:00:00+00:00,2012-12-31 22:14:00+00:00,0,12656,0,35653,9,77.3,110.35,57062805.0
CL,2013,/workspaces/quant_project/data/raw/CL/2013.parquet,331437,2013-01-01 23:00:00+00:00,2013-12-31 22:14:00+00:00,0,12789,0,42743,12,85.63,112.23,54859765.0
CL,2014,/workspaces/quant_project/data/raw/CL/2014.parquet,327908,2014-01-01 23:00:00+00:00,2014-12-31 22:14:00+00:00,0,13609,0,47135,19,52.47,107.52,57392162.0
CL,2015,/workspaces/quant_project/data/raw/CL/2015.parquet,346366,2015-01-01 23:00:00+00:00,2015-12-31 21:59:00+00:00,0,6706,0,30258,15,34.37,62.49,86660489.0
CL,2016,/workspaces/quant_project/data/raw/CL/2016.parquet,351618,2016-01-03 23:00:00+00:00,2016-12-30 21:59:00+00:00,0,2184,0,17229,13,26.06,54.47,107318670.0
CL,2017,/workspaces/quant_project/data/raw/CL/2017.parquet,349402,2017-01-02 23:00:00+00:00,2017-12-29 21:59:00+00:00,0,2763,0,22376,17,42.12,60.47,123820554.0
CL,2018,/workspaces/quant_project/data/raw/CL/2018.parquet,351877,2018-01-01 23:00:00+00:00,2018-12-31 21:59:00+00:00,0,1716,0,13257,14,42.45,76.86,128388385.0
CL,2019,/workspaces/quant_project/data/raw/CL/2019.parquet,351933,2019-01-01 23:00:00+00:00,2019-12-31 21:59:00+00:00,0,1551,0,11845,14,44.47,66.57,129753385.0
CL,2020,/workspaces/quant_project/data/raw/CL/2020.parquet,349918,2020-01-01 23:00:00+00:00,2020-12-31 21:59:00+00:00,0,2192,0,13451,12,6.9,65.61,91708080.0
CL,2021,/workspaces/quant_project/data/raw/CL/2021.parquet,352233,2021-01-03 23:00:00+00:00,2021-12-31 21:59:00+00:00,0,1652,0,12558,16,47.18,85.35,76510763.0
CL,2022,/workspaces/quant_project/data/raw/CL/2022.parquet,350548,2022-01-02 23:00:00+00:00,2022-12-30 21:59:00+00:00,0,2618,0,7826,8,70.13,130.0,58174439.0
CL,2023,/workspaces/quant_project/data/raw/CL/2023.parquet,348882,2023-01-02 23:00:00+00:00,2023-12-29 21:59:00+00:00,0,3368,0,19447,16,64.37,95.03,56341854.0
CL,2024,/workspaces/quant_project/data/raw/CL/2024.parquet,349143,2024-01-01 23:00:00+00:00,2024-12-31 21:59:00+00:00,0,5389,0,29792,15,65.29,87.6,51830829.0
CL,2025,/workspaces/quant_project/data/raw/CL/2025.parquet,346890,2025-01-01 23:00:00+00:00,2025-12-31 21:59:00+00:00,0,5578,0,29930,13,54.99,79.35,41809360.0
CL,2026,/workspaces/quant_project/data/raw/CL/2026.parquet,128628,2026-01-01 23:00:00+00:00,2026-05-14 23:58:00+00:00,0,803,0,3525,10,55.82,118.77,23817157.0
ES,2010,/workspaces/quant_project/data/raw/ES/2010.parquet,201975,2010-06-07 00:00:00+00:00,2010-12-31 21:14:00+00:00,0,2623,0,23851,19,1003.75,1258.5,278107789.0
ES,2011,/workspaces/quant_project/data/raw/ES/2011.parquet,351411,2011-01-02 23:00:00+00:00,2011-12-30 21:14:00+00:00,0,2602,0,28446,26,1068.75,1372.5,574888587.0
ES,2012,/workspaces/quant_project/data/raw/ES/2012.parquet,348218,2012-01-03 11:00:00+00:00,2012-12-31 22:14:00+00:00,0,3391,0,37070,30,1260.25,1474.5,433049032.0
ES,2013,/workspaces/quant_project/data/raw/ES/2013.parquet,341259,2013-01-02 11:00:00+00:00,2013-12-31 22:14:00+00:00,0,4230,0,41627,30,1440.25,1846.25,409301598.0
ES,2014,/workspaces/quant_project/data/raw/ES/2014.parquet,335340,2014-01-02 11:00:00+00:00,2014-12-30 22:14:00+00:00,0,5668,0,45563,35,1732.0,2088.5,374778065.0
ES,2015,/workspaces/quant_project/data/raw/ES/2015.parquet,350165,2015-01-01 23:00:00+00:00,2015-12-31 21:59:00+00:00,0,3646,0,31802,24,1832.0,2133.5,388089422.0
ES,2016,/workspaces/quant_project/data/raw/ES/2016.parquet,349036,2016-01-03 23:00:00+00:00,2016-12-30 21:59:00+00:00,0,1897,0,23103,35,1804.5,2272.75,426307750.0
ES,2017,/workspaces/quant_project/data/raw/ES/2017.parquet,344785,2017-01-02 23:00:00+00:00,2017-12-29 21:59:00+00:00,0,4259,0,44343,37,2240.0,2698.0,318911768.0
ES,2018,/workspaces/quant_project/data/raw/ES/2018.parquet,348989,2018-01-01 23:00:00+00:00,2018-12-31 21:59:00+00:00,0,1312,0,17945,22,2321.75,2946.25,388076392.0
ES,2019,/workspaces/quant_project/data/raw/ES/2019.parquet,349532,2019-01-01 23:00:00+00:00,2019-12-31 21:59:00+00:00,0,969,0,15667,16,2439.0,3253.75,344788718.0
ES,2020,/workspaces/quant_project/data/raw/ES/2020.parquet,349611,2020-01-01 23:00:00+00:00,2020-12-31 21:59:00+00:00,0,1015,0,3992,316,2174.0,3751.5,431180550.0
ES,2021,/workspaces/quant_project/data/raw/ES/2021.parquet,353363,2021-01-03 23:00:00+00:00,2021-12-31 21:59:00+00:00,0,484,0,6227,22,3656.25,4799.5,355561530.0
ES,2022,/workspaces/quant_project/data/raw/ES/2022.parquet,354119,2022-01-02 23:00:00+00:00,2022-12-30 21:59:00+00:00,0,273,0,1343,7,3503.5,4807.25,441259390.0
ES,2023,/workspaces/quant_project/data/raw/ES/2023.parquet,353154,2023-01-02 23:00:00+00:00,2023-12-29 21:59:00+00:00,0,539,0,8643,15,3811.75,4841.5,390217836.0
ES,2024,/workspaces/quant_project/data/raw/ES/2024.parquet,354799,2024-01-01 23:00:00+00:00,2024-12-31 21:59:00+00:00,0,512,0,8348,13,4702.75,6147.25,351035838.0
ES,2025,/workspaces/quant_project/data/raw/ES/2025.parquet,352538,2025-01-01 23:00:00+00:00,2025-12-31 21:59:00+00:00,0,310,0,2903,10,4832.0,6992.75,351405000.0
ES,2026,/workspaces/quant_project/data/raw/ES/2026.parquet,130274,2026-01-01 23:00:00+00:00,2026-05-14 23:59:00+00:00,0,96,0,264,6,6356.75,7539.5,138764836.0
GC,2010,/workspaces/quant_project/data/raw/GC/2010.parquet,196992,2010-06-07 00:00:00+00:00,2010-12-31 21:14:00+00:00,0,6826,0,22751,12,1156.4,1431.6,18015120.0
GC,2011,/workspaces/quant_project/data/raw/GC/2011.parquet,349526,2011-01-02 23:00:00+00:00,2011-12-30 22:14:00+00:00,0,6395,0,22331,9,1307.9,1922.8,38517346.0
GC,2012,/workspaces/quant_project/data/raw/GC/2012.parquet,343798,2012-01-02 23:00:00+00:00,2012-12-31 22:14:00+00:00,0,6951,0,23797,16,1527.6,1798.0,33541113.0
GC,2013,/workspaces/quant_project/data/raw/GC/2013.parquet,340987,2013-01-01 23:00:00+00:00,2013-12-31 22:14:00+00:00,0,6144,0,21411,9,1180.5,1695.6,36934208.0
GC,2014,/workspaces/quant_project/data/raw/GC/2014.parquet,334527,2014-01-01 23:00:00+00:00,2014-12-30 22:14:00+00:00,0,8230,0,33329,12,1131.8,1391.9,31431007.0
GC,2015,/workspaces/quant_project/data/raw/GC/2015.parquet,343131,2015-01-01 23:00:00+00:00,2015-12-31 21:59:00+00:00,0,8635,0,35197,16,1045.6,1306.0,32599457.0
GC,2016,/workspaces/quant_project/data/raw/GC/2016.parquet,347990,2016-01-03 23:00:00+00:00,2016-12-30 21:59:00+00:00,0,3780,0,17547,12,1061.0,1377.2,41610036.0
GC,2017,/workspaces/quant_project/data/raw/GC/2017.parquet,346699,2017-01-02 23:00:00+00:00,2017-12-29 21:59:00+00:00,0,2578,0,15867,13,1146.9,1362.1,57596640.0
GC,2018,/workspaces/quant_project/data/raw/GC/2018.parquet,347107,2018-01-01 23:00:00+00:00,2018-12-31 21:59:00+00:00,0,2338,0,14486,12,1167.6,1369.0,62021048.0
GC,2019,/workspaces/quant_project/data/raw/GC/2019.parquet,348036,2019-01-01 23:00:00+00:00,2019-12-31 21:59:00+00:00,0,2202,0,16059,15,1267.6,1566.1,68017249.0
GC,2020,/workspaces/quant_project/data/raw/GC/2020.parquet,349567,2020-01-01 23:00:00+00:00,2020-12-31 21:59:00+00:00,0,1409,0,4555,8,1451.6,2089.0,59338673.0
GC,2021,/workspaces/quant_project/data/raw/GC/2021.parquet,348357,2021-01-03 23:00:00+00:00,2021-12-31 21:59:00+00:00,0,2178,0,10245,9,1674.0,1961.9,43440853.0
GC,2022,/workspaces/quant_project/data/raw/GC/2022.parquet,349732,2022-01-02 23:00:00+00:00,2022-12-30 21:59:00+00:00,0,2284,0,9198,10,1618.6,2076.7,38732535.0
GC,2023,/workspaces/quant_project/data/raw/GC/2023.parquet,346674,2023-01-02 23:00:00+00:00,2023-12-29 21:59:00+00:00,0,2849,0,12109,10,1813.3,2148.6,41605285.0
GC,2024,/workspaces/quant_project/data/raw/GC/2024.parquet,351320,2024-01-01 23:00:00+00:00,2024-12-31 21:59:00+00:00,0,2143,0,7220,11,1997.7,2801.4,43658404.0
GC,2025,/workspaces/quant_project/data/raw/GC/2025.parquet,350874,2025-01-01 23:00:00+00:00,2025-12-31 21:59:00+00:00,0,1633,0,2737,6,2627.4,4583.4,48031320.0
GC,2026,/workspaces/quant_project/data/raw/GC/2026.parquet,128668,2026-01-01 23:00:00+00:00,2026-05-14 23:59:00+00:00,0,520,0,771,3,4104.4,5586.2,14365043.0
HG,2010,/workspaces/quant_project/data/raw/HG/2010.parquet,165316,2010-06-07 00:00:00+00:00,2010-12-31 21:14:00+00:00,0,19918,0,37119,12,2.7235,4.4515,4232419.0
HG,2011,/workspaces/quant_project/data/raw/HG/2011.parquet,301022,2011-01-02 23:00:00+00:00,2011-12-30 22:14:00+00:00,0,29590,0,54699,9,2.999,4.646,9455059.0
HG,2012,/workspaces/quant_project/data/raw/HG/2012.parquet,319525,2012-01-02 23:00:00+00:00,2012-12-31 22:13:00+00:00,0,22009,0,57236,16,3.24,3.9875,12105966.0
HG,2013,/workspaces/quant_project/data/raw/HG/2013.parquet,310315,2013-01-01 23:00:00+00:00,2013-12-31 22:14:00+00:00,0,22227,0,66168,17,2.9845,3.791,12682857.0
HG,2014,/workspaces/quant_project/data/raw/HG/2014.parquet,292821,2014-01-01 23:00:00+00:00,2014-12-30 22:14:00+00:00,0,29585,0,86057,16,2.7705,3.4235,10476589.0
HG,2015,/workspaces/quant_project/data/raw/HG/2015.parquet,305606,2015-01-01 23:00:00+00:00,2015-12-31 21:56:00+00:00,0,27870,0,72906,24,2.002,2.9555,12155977.0
HG,2016,/workspaces/quant_project/data/raw/HG/2016.parquet,312712,2016-01-03 23:00:00+00:00,2016-12-30 21:59:00+00:00,0,23890,0,78939,21,1.9365,2.7385,14276534.0
HG,2017,/workspaces/quant_project/data/raw/HG/2017.parquet,326289,2017-01-02 23:00:00+00:00,2017-12-29 21:59:00+00:00,0,17834,0,69407,28,2.475,3.32,18176183.0
HG,2018,/workspaces/quant_project/data/raw/HG/2018.parquet,339515,2018-01-01 23:00:00+00:00,2018-12-31 21:59:00+00:00,0,9781,0,47452,18,2.553,3.314,21940620.0
HG,2019,/workspaces/quant_project/data/raw/HG/2019.parquet,330909,2019-01-01 23:00:00+00:00,2019-12-31 21:59:00+00:00,0,15400,0,77176,20,2.4825,2.995,14018383.0
HG,2020,/workspaces/quant_project/data/raw/HG/2020.parquet,340803,2020-01-01 23:00:00+00:00,2020-12-31 21:59:00+00:00,0,9054,0,54459,15,1.9735,3.6445,15580086.0
HG,2021,/workspaces/quant_project/data/raw/HG/2021.parquet,342538,2021-01-03 23:00:00+00:00,2021-12-31 21:59:00+00:00,0,8447,0,33701,13,3.491,4.8875,16075316.0
HG,2022,/workspaces/quant_project/data/raw/HG/2022.parquet,340489,2022-01-02 23:00:00+00:00,2022-12-30 21:59:00+00:00,0,9914,0,31442,9,3.133,5.039,12959151.0
HG,2023,/workspaces/quant_project/data/raw/HG/2023.parquet,337939,2023-01-02 23:00:00+00:00,2023-12-29 21:59:00+00:00,0,10865,0,44515,13,3.521,4.3535,15715985.0
HG,2024,/workspaces/quant_project/data/raw/HG/2024.parquet,343319,2024-01-01 23:00:00+00:00,2024-12-31 21:59:00+00:00,0,10156,0,41327,14,3.656,5.195,15914056.0
HG,2025,/workspaces/quant_project/data/raw/HG/2025.parquet,327150,2025-01-01 23:00:00+00:00,2025-12-31 21:59:00+00:00,0,18613,0,42368,6,4.0065,5.953,9134709.0
HG,2026,/workspaces/quant_project/data/raw/HG/2026.parquet,122526,2026-01-01 23:00:00+00:00,2026-05-14 23:59:00+00:00,0,4612,0,10620,7,5.2475,6.71,3958132.0
NG,2010,/workspaces/quant_project/data/raw/NG/2010.parquet,129186,2010-06-07 00:01:00+00:00,2010-12-31 21:14:00+00:00,0,23319,0,34765,16,3.244,5.193,14591790.0
NG,2011,/workspaces/quant_project/data/raw/NG/2011.parquet,225670,2011-01-02 23:00:00+00:00,2011-12-30 22:14:00+00:00,0,39424,0,63336,20,2.96,4.968,27459501.0
NG,2012,/workspaces/quant_project/data/raw/NG/2012.parquet,252215,2012-01-02 23:00:00+00:00,2012-12-31 22:14:00+00:00,0,37692,0,69651,20,1.902,3.991,32347075.0
NG,2013,/workspaces/quant_project/data/raw/NG/2013.parquet,253402,2013-01-01 23:00:00+00:00,2013-12-31 22:14:00+00:00,0,37126,0,70429,26,3.088,4.532,29712641.0
NG,2014,/workspaces/quant_project/data/raw/NG/2014.parquet,256366,2014-01-01 23:00:00+00:00,2014-12-31 22:14:00+00:00,0,35323,0,63390,24,2.888,6.424,27361575.0
NG,2015,/workspaces/quant_project/data/raw/NG/2015.parquet,263622,2015-01-01 23:00:00+00:00,2015-12-31 21:59:00+00:00,0,36011,0,72862,25,1.708,3.35,29243052.0
NG,2016,/workspaces/quant_project/data/raw/NG/2016.parquet,267718,2016-01-03 23:00:00+00:00,2016-12-30 21:59:00+00:00,0,36583,0,71696,18,1.612,3.898,23656799.0
NG,2017,/workspaces/quant_project/data/raw/NG/2017.parquet,297170,2017-01-02 23:00:00+00:00,2017-12-29 21:59:00+00:00,0,30433,0,77864,19,2.522,3.51,26338301.0
NG,2018,/workspaces/quant_project/data/raw/NG/2018.parquet,302212,2018-01-01 23:00:00+00:00,2018-12-31 21:59:00+00:00,0,27846,0,82266,34,2.535,4.876,27383763.0
NG,2019,/workspaces/quant_project/data/raw/NG/2019.parquet,307671,2019-01-01 23:00:00+00:00,2019-12-31 21:59:00+00:00,0,27776,0,91328,24,2.033,3.72,23968025.0
NG,2022,/workspaces/quant_project/data/raw/NG/2022.parquet,309575,2022-01-02 23:00:00+00:00,2022-12-30 21:59:00+00:00,0,27264,0,40935,9,3.643,10.006,18685885.0
NG,2023,/workspaces/quant_project/data/raw/NG/2023.parquet,315176,2023-01-02 23:00:00+00:00,2023-12-29 21:59:00+00:00,0,26060,0,59960,22,1.957,4.222,22450327.0
NG,2024,/workspaces/quant_project/data/raw/NG/2024.parquet,313841,2024-01-01 23:00:00+00:00,2024-12-31 21:59:00+00:00,0,27029,0,66507,14,1.537,4.192,26770642.0
NQ,2010,/workspaces/quant_project/data/raw/NQ/2010.parquet,177359,2010-06-07 00:00:00+00:00,2010-12-31 21:14:00+00:00,0,15648,0,37827,14,1699.25,2238.75,40909876.0
NQ,2011,/workspaces/quant_project/data/raw/NQ/2011.parquet,320356,2011-01-02 23:00:00+00:00,2011-12-30 21:14:00+00:00,0,21310,0,52250,29,1973.5,2435.25,70649891.0
NQ,2012,/workspaces/quant_project/data/raw/NQ/2012.parquet,319311,2012-01-03 11:00:00+00:00,2012-12-31 22:14:00+00:00,0,21679,0,58157,13,2303.5,2871.5,58512331.0
NQ,2013,/workspaces/quant_project/data/raw/NQ/2013.parquet,310946,2013-01-02 11:00:00+00:00,2013-12-31 22:14:00+00:00,0,22186,0,61411,22,2689.5,3594.25,54522385.0
NQ,2014,/workspaces/quant_project/data/raw/NQ/2014.parquet,311633,2014-01-02 11:00:00+00:00,2014-12-30 22:14:00+00:00,0,20293,0,52930,14,3406.25,4347.75,68357376.0
NQ,2015,/workspaces/quant_project/data/raw/NQ/2015.parquet,329967,2015-01-01 23:00:00+00:00,2015-12-31 21:59:00+00:00,0,16282,0,38914,35,3908.25,4739.0,62321320.0
NQ,2016,/workspaces/quant_project/data/raw/NQ/2016.parquet,336245,2016-01-03 23:00:00+00:00,2016-12-30 21:59:00+00:00,0,10926,0,31188,20,3868.25,4992.75,60852781.0
NQ,2017,/workspaces/quant_project/data/raw/NQ/2017.parquet,341471,2017-01-02 23:00:00+00:00,2017-12-29 21:59:00+00:00,0,6758,0,34338,11,4878.5,6545.5,63753222.0
NQ,2018,/workspaces/quant_project/data/raw/NQ/2018.parquet,349178,2018-01-01 23:00:00+00:00,2018-12-31 21:59:00+00:00,0,1098,0,4683,9,5837.0,7727.0,117299116.0
NQ,2019,/workspaces/quant_project/data/raw/NQ/2019.parquet,349846,2019-01-01 23:00:00+00:00,2019-12-31 21:59:00+00:00,0,663,0,2262,7,6138.5,8842.5,108426288.0
NQ,2020,/workspaces/quant_project/data/raw/NQ/2020.parquet,348930,2020-01-01 23:00:00+00:00,2020-12-31 21:59:00+00:00,0,978,0,1348,138,6628.75,12915.25,135572649.0
NQ,2021,/workspaces/quant_project/data/raw/NQ/2021.parquet,353393,2021-01-03 23:00:00+00:00,2021-12-31 21:59:00+00:00,0,457,0,569,5,12209.75,16756.0,130831968.0
NQ,2022,/workspaces/quant_project/data/raw/NQ/2022.parquet,354112,2022-01-02 23:00:00+00:00,2022-12-30 21:59:00+00:00,0,280,0,143,4,10495.75,16560.75,164713707.0
NQ,2023,/workspaces/quant_project/data/raw/NQ/2023.parquet,353358,2023-01-02 23:00:00+00:00,2023-12-29 21:59:00+00:00,0,336,0,399,6,10755.25,17163.0,155004366.0
NQ,2024,/workspaces/quant_project/data/raw/NQ/2024.parquet,354954,2024-01-01 23:00:00+00:00,2024-12-31 21:59:00+00:00,0,359,0,410,4,16336.0,22150.0,146380750.0
NQ,2025,/workspaces/quant_project/data/raw/NQ/2025.parquet,352509,2025-01-01 23:00:00+00:00,2025-12-31 21:59:00+00:00,0,334,0,261,4,16499.0,26396.25,137337076.0
NQ,2026,/workspaces/quant_project/data/raw/NQ/2026.parquet,130237,2026-01-01 23:00:00+00:00,2026-05-14 23:59:00+00:00,0,131,0,64,3,22973.0,29779.75,51353817.0
RTY,2017,/workspaces/quant_project/data/raw/RTY/2017.parquet,107898,2017-07-09 22:01:00+00:00,2017-12-29 21:59:00+00:00,0,16430,0,27642,12,1348.9,1561.4,7382319.0
RTY,2018,/workspaces/quant_project/data/raw/RTY/2018.parquet,107898,2017-07-09 22:01:00+00:00,2017-12-29 21:59:00+00:00,0,16430,0,27642,12,1348.9,1561.4,7382319.0
RTY,2019,/workspaces/quant_project/data/raw/RTY/2019.parquet,340785,2025-01-01 23:00:00+00:00,2025-12-31 21:59:00+00:00,0,8830,0,21997,8,1710.6,2604.7,45620311.0
RTY,2020,/workspaces/quant_project/data/raw/RTY/2020.parquet,345162,2022-01-02 23:00:00+00:00,2022-12-30 21:59:00+00:00,0,7210,0,18892,6,1641.2,2287.8,52200667.0
RTY,2021,/workspaces/quant_project/data/raw/RTY/2021.parquet,340801,2024-01-01 23:00:00+00:00,2024-12-31 21:59:00+00:00,0,10488,0,24238,8,1906.4,2475.8,44376907.0
RTY,2022,/workspaces/quant_project/data/raw/RTY/2022.parquet,328841,2019-01-01 23:00:00+00:00,2019-12-31 21:59:00+00:00,0,15826,0,48145,10,1324.3,1687.5,30770685.0
RTY,2023,/workspaces/quant_project/data/raw/RTY/2023.parquet,128155,2026-01-01 23:00:00+00:00,2026-05-14 23:59:00+00:00,0,1798,0,5398,5,2410.3,2917.6,18820015.0
RTY,2024,/workspaces/quant_project/data/raw/RTY/2024.parquet,338085,2020-01-01 23:00:00+00:00,2020-12-31 21:59:00+00:00,0,8106,0,20960,105,949.6,2031.9,43017432.0
RTY,2025,/workspaces/quant_project/data/raw/RTY/2025.parquet,342436,2023-01-02 23:00:00+00:00,2023-12-29 21:59:00+00:00,0,8779,0,29054,15,1639.1,2096.2,48071347.0
RTY,2026,/workspaces/quant_project/data/raw/RTY/2026.parquet,305953,2018-01-01 23:00:00+00:00,2018-12-31 21:59:00+00:00,0,24360,0,50070,9,1254.6,1746.2,31529107.0
SI,2010,/workspaces/quant_project/data/raw/SI/2010.parquet,167831,2010-06-07 00:00:00+00:00,2010-12-31 21:14:00+00:00,0,19456,0,45205,12,17.23,30.975,5575809.0
SI,2011,/workspaces/quant_project/data/raw/SI/2011.parquet,319561,2011-01-02 23:00:00+00:00,2011-12-30 22:14:00+00:00,0,22525,0,44007,11,26.155,49.72,13576069.0
SI,2012,/workspaces/quant_project/data/raw/SI/2012.parquet,307171,2012-01-02 23:00:00+00:00,2012-12-31 22:14:00+00:00,0,27360,0,60491,13,26.085,37.48,8521897.0
SI,2013,/workspaces/quant_project/data/raw/SI/2013.parquet,308568,2013-01-01 23:00:00+00:00,2013-12-31 22:14:00+00:00,0,24214,0,65466,12,18.185,32.46,9214023.0
SI,2014,/workspaces/quant_project/data/raw/SI/2014.parquet,294674,2014-01-01 23:00:00+00:00,2014-12-30 22:14:00+00:00,0,29271,0,92651,22,14.49,22.17,8600360.0
SI,2015,/workspaces/quant_project/data/raw/SI/2015.parquet,295959,2015-01-01 23:00:00+00:00,2015-12-31 21:59:00+00:00,0,32492,0,100819,20,13.625,18.49,8838460.0
SI,2016,/workspaces/quant_project/data/raw/SI/2016.parquet,316873,2016-01-03 23:00:00+00:00,2016-12-30 21:59:00+00:00,0,22004,0,86619,17,13.735,21.145,12431735.0
SI,2017,/workspaces/quant_project/data/raw/SI/2017.parquet,318558,2017-01-02 23:00:00+00:00,2017-12-29 21:59:00+00:00,0,19777,0,96014,30,14.68,18.65,16433838.0
SI,2018,/workspaces/quant_project/data/raw/SI/2018.parquet,316273,2018-01-01 23:00:00+00:00,2018-12-31 21:59:00+00:00,0,22890,0,116238,24,13.865,17.7,17528067.0
SI,2019,/workspaces/quant_project/data/raw/SI/2019.parquet,314874,2019-01-01 23:00:00+00:00,2019-12-31 21:59:00+00:00,0,23894,0,117541,24,14.275,19.745,18096490.0
SI,2020,/workspaces/quant_project/data/raw/SI/2020.parquet,338754,2020-01-01 23:00:00+00:00,2020-12-31 21:59:00+00:00,0,9458,0,50391,18,11.675,29.89,19830588.0
SI,2021,/workspaces/quant_project/data/raw/SI/2021.parquet,332210,2021-01-03 23:00:00+00:00,2021-12-31 21:59:00+00:00,0,11123,0,59882,15,21.425,30.24,14430297.0
SI,2022,/workspaces/quant_project/data/raw/SI/2022.parquet,335981,2022-01-02 23:00:00+00:00,2022-12-30 21:59:00+00:00,0,11924,0,60771,17,17.415,27.47,12483777.0
SI,2023,/workspaces/quant_project/data/raw/SI/2023.parquet,328206,2023-01-02 23:00:00+00:00,2023-12-29 21:59:00+00:00,0,14710,0,68194,15,19.95,26.43,13568908.0
SI,2024,/workspaces/quant_project/data/raw/SI/2024.parquet,338461,2024-01-01 23:00:00+00:00,2024-12-31 21:59:00+00:00,0,9956,0,46707,12,21.985,35.065,16172381.0
SI,2025,/workspaces/quant_project/data/raw/SI/2025.parquet,341978,2025-01-01 23:00:00+00:00,2025-12-31 21:59:00+00:00,0,7503,0,30340,11,27.745,82.59,16217876.0
SI,2026,/workspaces/quant_project/data/raw/SI/2026.parquet,123784,2026-01-01 23:00:00+00:00,2026-05-14 23:59:00+00:00,0,3364,0,5954,4,61.305,121.695,6266911.0
YM,2010,/workspaces/quant_project/data/raw/YM/2010.parquet,163159,2010-06-07 00:00:00+00:00,2010-12-31 18:14:00+00:00,0,19039,0,68821,28,118.6875,136.9375,38996142.0
YM,2011,/workspaces/quant_project/data/raw/YM/2011.parquet,284719,2011-01-02 23:30:00+00:00,2011-12-30 21:59:00+00:00,0,31745,0,114698,44,116.84375,146.90625,76474456.0
YM,2012,/workspaces/quant_project/data/raw/YM/2012.parquet,287930,2012-01-03 11:00:00+00:00,2012-12-31 21:59:00+00:00,0,33258,0,122885,30,135.1875,153.34375,76818932.0
YM,2013,/workspaces/quant_project/data/raw/YM/2013.parquet,275591,2013-01-02 11:00:00+00:00,2013-12-31 21:59:00+00:00,0,33901,0,124947,52,127.71875,149.625,83257652.0
YM,2014,/workspaces/quant_project/data/raw/YM/2014.parquet,260656,2014-01-02 11:00:00+00:00,2014-12-31 21:59:00+00:00,0,37539,0,128981,33,127.875,147.78125,76367077.0
YM,2015,/workspaces/quant_project/data/raw/YM/2015.parquet,295145,2015-01-01 23:00:00+00:00,2015-12-31 21:59:00+00:00,0,28345,0,108405,35,143.78125,166.75,60467125.0
YM,2016,/workspaces/quant_project/data/raw/YM/2016.parquet,307116,2016-01-03 23:00:00+00:00,2016-12-30 21:59:00+00:00,0,25754,0,113872,27,147.15625,177.34375,57753224.0
YM,2017,/workspaces/quant_project/data/raw/YM/2017.parquet,289287,2017-01-02 23:00:00+00:00,2017-12-29 21:59:00+00:00,0,32660,0,137366,65,145.8125,158.25,58668782.0
YM,2018,/workspaces/quant_project/data/raw/YM/2018.parquet,291093,2018-01-01 23:00:00+00:00,2018-12-31 21:59:00+00:00,0,30384,0,142776,102,136.53125,152.90625,74530852.0
YM,2019,/workspaces/quant_project/data/raw/YM/2019.parquet,302595,2019-01-01 23:00:00+00:00,2019-12-31 21:59:00+00:00,0,28069,0,147352,98,143.53125,167.53125,67681033.0
YM,2020,/workspaces/quant_project/data/raw/YM/2020.parquet,317482,2020-01-01 23:00:00+00:00,2020-12-31 21:59:00+00:00,0,22505,0,130985,55,155.1875,191.46875,71019055.0
YM,2021,/workspaces/quant_project/data/raw/YM/2021.parquet,320258,2021-01-03 23:00:00+00:00,2021-12-31 21:59:00+00:00,0,21798,0,139673,61,153.25,173.3125,87686329.0
YM,2022,/workspaces/quant_project/data/raw/YM/2022.parquet,326216,2022-01-02 23:00:00+00:00,2022-12-30 21:59:00+00:00,0,19089,0,119805,30,117.625,160.25,74555362.0
YM,2023,/workspaces/quant_project/data/raw/YM/2023.parquet,312037,2023-01-02 23:00:00+00:00,2023-12-29 21:59:00+00:00,0,26604,0,134732,32,107.15625,134.4375,86163431.0
YM,2024,/workspaces/quant_project/data/raw/YM/2024.parquet,305812,2024-01-01 23:00:00+00:00,2024-12-31 21:59:00+00:00,0,30588,0,141072,31,112.875,127.59375,102569142.0
YM,2025,/workspaces/quant_project/data/raw/YM/2025.parquet,294375,2025-01-01 23:00:00+00:00,2025-12-31 21:59:00+00:00,0,32262,0,133523,67,110.0625,122.0,97460665.0
YM,2026,/workspaces/quant_project/data/raw/YM/2026.parquet,108833,2026-01-01 23:00:00+00:00,2026-05-14 23:59:00+00:00,0,11874,0,50527,31,111.75,118.9375,43718289.0
ZB,2010,/workspaces/quant_project/data/raw/ZB/2010.parquet,163159,2010-06-07 00:00:00+00:00,2010-12-31 18:14:00+00:00,0,19039,0,68821,28,118.6875,136.9375,38996142.0
ZB,2011,/workspaces/quant_project/data/raw/ZB/2011.parquet,284719,2011-01-02 23:30:00+00:00,2011-12-30 21:59:00+00:00,0,31745,0,114698,44,116.84375,146.90625,76474456.0
ZB,2012,/workspaces/quant_project/data/raw/ZB/2012.parquet,287930,2012-01-03 11:00:00+00:00,2012-12-31 21:59:00+00:00,0,33258,0,122885,30,135.1875,153.34375,76818932.0
ZB,2013,/workspaces/quant_project/data/raw/ZB/2013.parquet,275591,2013-01-02 11:00:00+00:00,2013-12-31 21:59:00+00:00,0,33901,0,124947,52,127.71875,149.625,83257652.0
ZB,2014,/workspaces/quant_project/data/raw/ZB/2014.parquet,260656,2014-01-02 11:00:00+00:00,2014-12-31 21:59:00+00:00,0,37539,0,128981,33,127.875,147.78125,76367077.0
ZB,2015,/workspaces/quant_project/data/raw/ZB/2015.parquet,295145,2015-01-01 23:00:00+00:00,2015-12-31 21:59:00+00:00,0,28345,0,108405,35,143.78125,166.75,60467125.0
ZB,2016,/workspaces/quant_project/data/raw/ZB/2016.parquet,307116,2016-01-03 23:00:00+00:00,2016-12-30 21:59:00+00:00,0,25754,0,113872,27,147.15625,177.34375,57753224.0
ZB,2017,/workspaces/quant_project/data/raw/ZB/2017.parquet,289287,2017-01-02 23:00:00+00:00,2017-12-29 21:59:00+00:00,0,32660,0,137366,65,145.8125,158.25,58668782.0
ZB,2018,/workspaces/quant_project/data/raw/ZB/2018.parquet,291093,2018-01-01 23:00:00+00:00,2018-12-31 21:59:00+00:00,0,30384,0,142776,102,136.53125,152.90625,74530852.0
ZB,2019,/workspaces/quant_project/data/raw/ZB/2019.parquet,302595,2019-01-01 23:00:00+00:00,2019-12-31 21:59:00+00:00,0,28069,0,147352,98,143.53125,167.53125,67681033.0
ZB,2020,/workspaces/quant_project/data/raw/ZB/2020.parquet,317482,2020-01-01 23:00:00+00:00,2020-12-31 21:59:00+00:00,0,22505,0,130985,55,155.1875,191.46875,71019055.0
ZB,2021,/workspaces/quant_project/data/raw/ZB/2021.parquet,320258,2021-01-03 23:00:00+00:00,2021-12-31 21:59:00+00:00,0,21798,0,139673,61,153.25,173.3125,87686329.0
ZB,2022,/workspaces/quant_project/data/raw/ZB/2022.parquet,326216,2022-01-02 23:00:00+00:00,2022-12-30 21:59:00+00:00,0,19089,0,119805,30,117.625,160.25,74555362.0
ZB,2023,/workspaces/quant_project/data/raw/ZB/2023.parquet,312037,2023-01-02 23:00:00+00:00,2023-12-29 21:59:00+00:00,0,26604,0,134732,32,107.15625,134.4375,86163431.0
ZB,2024,/workspaces/quant_project/data/raw/ZB/2024.parquet,305812,2024-01-01 23:00:00+00:00,2024-12-31 21:59:00+00:00,0,30588,0,141072,31,112.875,127.59375,102569142.0
ZB,2025,/workspaces/quant_project/data/raw/ZB/2025.parquet,294375,2025-01-01 23:00:00+00:00,2025-12-31 21:59:00+00:00,0,32262,0,133523,67,110.0625,122.0,97460665.0
ZB,2026,/workspaces/quant_project/data/raw/ZB/2026.parquet,108833,2026-01-01 23:00:00+00:00,2026-05-14 23:59:00+00:00,0,11874,0,50527,31,111.75,118.9375,43718289.0
ZC,2010,/workspaces/quant_project/data/raw/ZC/2010.parquet,105835,2010-06-07 00:01:00+00:00,2010-12-31 17:59:00+00:00,0,19503,0,42652,88,325.0,629.75,20496664.0
ZC,2011,/workspaces/quant_project/data/raw/ZC/2011.parquet,199238,2011-01-03 00:00:00+00:00,2011-12-30 19:15:00+00:00,0,30566,0,72481,214,572.5,798.75,36906909.0
ZC,2012,/workspaces/quant_project/data/raw/ZC/2012.parquet,230342,2012-01-03 15:30:00+00:00,2012-12-31 19:59:00+00:00,0,32237,0,79576,239,546.5,843.5,35462107.0
ZC,2013,/workspaces/quant_project/data/raw/ZC/2013.parquet,197866,2013-01-02 15:30:00+00:00,2013-12-31 19:14:00+00:00,0,34365,0,74182,153,410.75,746.0,30049192.0
ZC,2014,/workspaces/quant_project/data/raw/ZC/2014.parquet,175710,2014-01-02 14:30:00+00:00,2014-12-31 19:14:00+00:00,0,33544,0,69074,36,318.25,521.75,33121151.0
ZC,2015,/workspaces/quant_project/data/raw/ZC/2015.parquet,182359,2015-01-02 14:30:00+00:00,2015-12-31 19:19:00+00:00,0,32746,0,76666,49,347.0,454.25,40076785.0
ZC,2016,/workspaces/quant_project/data/raw/ZC/2016.parquet,183656,2016-01-04 01:00:00+00:00,2016-12-30 19:19:00+00:00,0,31836,0,77865,42,315.0,439.0,29800784.0
ZC,2017,/workspaces/quant_project/data/raw/ZC/2017.parquet,190348,2017-01-03 01:00:00+00:00,2017-12-29 19:19:00+00:00,0,30817,0,84329,63,335.75,417.25,30021575.0
ZC,2018,/workspaces/quant_project/data/raw/ZC/2018.parquet,176965,2018-01-02 14:30:00+00:00,2018-12-31 19:19:00+00:00,0,32891,0,78139,71,339.25,412.0,29714361.0
ZC,2019,/workspaces/quant_project/data/raw/ZC/2019.parquet,188301,2019-01-02 14:30:00+00:00,2019-12-31 19:19:00+00:00,0,29983,0,81957,154,343.25,464.75,29815327.0
ZC,2020,/workspaces/quant_project/data/raw/ZC/2020.parquet,209069,2020-01-02 14:30:00+00:00,2020-12-31 19:19:00+00:00,0,28654,0,92989,102,301.25,485.75,27219287.0
ZC,2021,/workspaces/quant_project/data/raw/ZC/2021.parquet,239474,2021-01-04 01:00:00+00:00,2021-12-31 19:19:00+00:00,0,17351,0,80795,173,480.25,734.75,27297183.0
ZC,2022,/workspaces/quant_project/data/raw/ZC/2022.parquet,231953,2022-01-03 01:00:00+00:00,2022-12-30 19:19:00+00:00,0,21499,0,78522,229,562.5,824.25,22520444.0
ZC,2023,/workspaces/quant_project/data/raw/ZC/2023.parquet,213492,2023-01-03 14:30:00+00:00,2023-12-29 19:19:00+00:00,0,28571,0,82256,30,450.25,688.5,25193037.0
ZC,2024,/workspaces/quant_project/data/raw/ZC/2024.parquet,198626,2024-01-02 14:30:00+00:00,2024-12-31 19:19:00+00:00,0,33990,0,88036,36,385.0,475.5,30070891.0
ZC,2025,/workspaces/quant_project/data/raw/ZC/2025.parquet,196689,2025-01-02 14:30:00+00:00,2025-12-31 19:19:00+00:00,0,31501,0,82001,25,387.75,504.75,30522757.0
ZC,2026,/workspaces/quant_project/data/raw/ZC/2026.parquet,74415,2026-01-02 14:30:00+00:00,2026-05-14 18:19:00+00:00,0,10832,0,29881,38,417.75,487.25,12288434.0
ZN,2010,/workspaces/quant_project/data/raw/ZN/2010.parquet,178014,2010-06-07 00:00:00+00:00,2010-12-31 18:14:00+00:00,0,12833,0,57532,34,118.5625,128.015625,144861599.0
ZN,2011,/workspaces/quant_project/data/raw/ZN/2011.parquet,314252,2011-01-02 23:30:00+00:00,2011-12-30 21:59:00+00:00,0,20411,0,95460,42,117.6875,131.875,268847843.0
ZN,2012,/workspaces/quant_project/data/raw/ZN/2012.parquet,307723,2012-01-03 11:00:00+00:00,2012-12-31 21:59:00+00:00,0,25610,0,108352,48,127.75,135.8125,220679382.0
ZN,2013,/workspaces/quant_project/data/raw/ZN/2013.parquet,301965,2013-01-02 11:00:00+00:00,2013-12-31 21:59:00+00:00,0,24933,0,104949,71,122.21875,133.765625,270630635.0
ZN,2014,/workspaces/quant_project/data/raw/ZN/2014.parquet,297375,2014-01-02 11:00:00+00:00,2014-12-31 21:59:00+00:00,0,26669,0,108700,49,122.828125,130.359375,279360681.0
ZN,2015,/workspaces/quant_project/data/raw/ZN/2015.parquet,314208,2015-01-01 23:00:00+00:00,2015-12-31 21:59:00+00:00,0,22059,0,103241,69,124.46875,131.171875,267014623.0
ZN,2016,/workspaces/quant_project/data/raw/ZN/2016.parquet,321285,2016-01-03 23:00:00+00:00,2016-12-30 21:59:00+00:00,0,18797,0,98261,45,122.453125,134.21875,279148356.0
ZN,2017,/workspaces/quant_project/data/raw/ZN/2017.parquet,314944,2017-01-02 23:00:00+00:00,2017-12-29 21:59:00+00:00,0,21882,0,112349,74,122.640625,127.875,290981446.0
ZN,2018,/workspaces/quant_project/data/raw/ZN/2018.parquet,314609,2018-01-01 23:00:00+00:00,2018-12-31 21:59:00+00:00,0,21111,0,114271,77,117.421875,124.0,358105293.0
ZN,2019,/workspaces/quant_project/data/raw/ZN/2019.parquet,324266,2019-01-01 23:00:00+00:00,2019-12-31 21:59:00+00:00,0,18506,0,111863,82,121.078125,132.40625,346624981.0
ZN,2020,/workspaces/quant_project/data/raw/ZN/2020.parquet,329825,2020-01-01 23:00:00+00:00,2020-12-31 21:59:00+00:00,0,15370,0,103076,50,128.15625,140.71875,315466609.0
ZN,2021,/workspaces/quant_project/data/raw/ZN/2021.parquet,337147,2021-01-03 23:00:00+00:00,2021-12-31 21:59:00+00:00,0,12347,0,103892,103,129.515625,138.15625,366092447.0
ZN,2022,/workspaces/quant_project/data/raw/ZN/2022.parquet,343386,2022-01-02 23:00:00+00:00,2022-12-30 21:59:00+00:00,0,8810,0,81324,24,108.84375,130.34375,363975037.0
ZN,2023,/workspaces/quant_project/data/raw/ZN/2023.parquet,335711,2023-01-02 23:00:00+00:00,2023-12-29 21:59:00+00:00,0,13291,0,88979,40,105.359375,117.03125,374101411.0
ZN,2024,/workspaces/quant_project/data/raw/ZN/2024.parquet,333602,2024-01-01 23:00:00+00:00,2024-12-31 21:59:00+00:00,0,15492,0,92604,34,107.15625,115.734375,449380995.0
ZN,2025,/workspaces/quant_project/data/raw/ZN/2025.parquet,324605,2025-01-01 23:00:00+00:00,2025-12-31 21:59:00+00:00,0,18508,0,91413,66,107.203125,114.203125,413438273.0
ZN,2026,/workspaces/quant_project/data/raw/ZN/2026.parquet,120629,2026-01-01 23:00:00+00:00,2026-05-14 23:59:00+00:00,0,6626,0,35378,37,109.765625,114.0625,184695684.0
